{
    "human.pedestrian.adult": [
        0.6838345018058227,
        0.733622052262573,
        1.759912895687257
    ],
    "vehicle.car": [
        1.9247664350614908,
        4.620187733832103,
        1.6895680117584215
    ],
    "movable_object.trafficcone": [
        0.4666051051051089,
        0.44785960960961213,
        0.7772124624624618
    ],
    "vehicle.bicycle": [
        0.6377288135593224,
        1.827584745762718,
        1.3959618644067782
    ],
    "movable_object.barrier": [
        2.32165734265735,
        0.6065839160839095,
        1.0628763111888142
    ],
    "vehicle.truck": [
        2.350704225352114,
        6.489162754303609,
        2.6166776212832494
    ],
    "vehicle.bus.rigid": [
        2.9538501440922174,
        11.471948126801156,
        3.803556195965415
    ],
    "vehicle.construction": [
        2.5743947368421014,
        5.56621578947369,
        2.372426315789469
    ],
    "movable_object.pushable_pullable": [
        0.5092250000000007,
        0.7862250000000002,
        1.034974999999999
    ],
    "vehicle.motorcycle": [
        0.6765129310344831,
        1.9505883620689688,
        1.4718383620689715
    ],
    "human.pedestrian.construction_worker": [
        0.6935268817204303,
        0.7448602150537623,
        1.7776774193548348
    ],
    "movable_object.debris": [
        0.4260000000000001,
        1.4280000000000002,
        0.4589999999999999
    ],
    "human.pedestrian.child": [
        0.4611999999999997,
        0.44664444444444423,
        1.3663111111111108
    ],
    "static_object.bicycle_rack": [
        2.713384615384616,
        9.92103846153846,
        1.4003461538461535
    ],
    "vehicle.trailer": [
        2.2782105263157875,
        10.1501052631579,
        3.707421052631577
    ],
    "vehicle.bus.bendy": [
        2.8297962962962946,
        9.2337037037037,
        3.3212222222222203
    ],
    "human.pedestrian.police_officer": [
        0.5949999999999999,
        0.4740000000000001,
        1.8070000000000002
    ],
    "human.pedestrian.personal_mobility": [
        0.8260000000000002,
        1.2839999999999996,
        1.869
    ]
}